{"cameraMode":{"drawMode":0,"name":"Shaded","section":"Shading Mode"},"sceneLighting":true,"audioPlay":false,"sceneViewState":{"showFog":true,"showMaterialUpdate":false,"showSkybox":true,"showFlares":true,"showImageEffects":true,"showParticleSystems":true},"in2DMode":false,"pivot":{"x":3.9980621337890627,"y":-2.0228309631347658,"z":4.081794738769531},"rotation":{"x":0.14084988832473756,"y":0.08897528797388077,"z":-0.01271088421344757,"w":0.9859435558319092},"size":26.28767967224121,"orthographic":false}