{"cameraMode":{"drawMode":0,"name":"Shaded","section":"Shading Mode"},"sceneLighting":false,"audioPlay":false,"sceneViewState":{"showFog":true,"showMaterialUpdate":false,"showSkybox":false,"showFlares":true,"showImageEffects":true,"showParticleSystems":true},"in2DMode":false,"pivot":{"x":440.2765808105469,"y":285.17791748046877,"z":-4.522952079772949},"rotation":{"x":0.0008039238746277988,"y":0.7369886040687561,"z":0.0008777145412750542,"w":-0.6759140491485596},"size":33.6016960144043,"orthographic":false}