{"cameraMode":{"drawMode":0,"name":"Shaded","section":"Shading Mode"},"sceneLighting":true,"audioPlay":false,"sceneViewState":{"showFog":true,"showMaterialUpdate":false,"showSkybox":true,"showFlares":true,"showImageEffects":true,"showParticleSystems":true},"in2DMode":false,"pivot":{"x":-56.10444259643555,"y":-15.048820495605469,"z":37.612213134765628},"rotation":{"x":0.03078794665634632,"y":0.0823671743273735,"z":-0.002546426374465227,"w":0.996127188205719},"size":111.15699768066406,"orthographic":false}