{"cameraMode":{"drawMode":0,"name":"Shaded","section":"Shading Mode"},"sceneLighting":false,"audioPlay":false,"sceneViewState":{"showFog":true,"showMaterialUpdate":false,"showSkybox":false,"showFlares":true,"showImageEffects":true,"showParticleSystems":true},"in2DMode":false,"pivot":{"x":500.9156494140625,"y":282.1041259765625,"z":0.9151529669761658},"rotation":{"x":-0.11279945075511933,"y":0.581471860408783,"z":-0.08182941377162934,"w":-0.8015435338020325},"size":5.061786651611328,"orthographic":false}